,DistilBERT-SST,BERT,TF-IDF + LR
DistilBERT-SST,1.0,0.8721662468513854,0.7275398824517213
BERT,0.8721662468513854,1.0,0.7321578505457599
TF-IDF + LR,0.7275398824517213,0.7321578505457599,1.0
